{
  "Temperature": [
    23.9990234375,
    23.9990234375,
    25,
    23.9990234375,
    23.9990234375,
    23.9990234375,
    23.9990234375,
    23.9990234375,
    23.9990234375,
    23.9990234375,
    23.9990234375,
    23.9990234375,
    23.9990234375,
    23.9990234375,
    23.9990234375,
    23.9990234375,
    23.9990234375,
    23.9990234375,
    23.9990234375,
    23.9990234375,
    23.9990234375,
    23.9990234375,
    23.9990234375,
    23.9990234375,
    23.9990234375,
    23.9990234375,
    23.9990234375,
    23.9990234375,
    23.9990234375
  ],
  "Moisture": [
    30.0048828125,
    30.0048828125,
    29.00390625,
    30.0048828125,
    30.0048828125,
    30.0048828125,
    30.0048828125,
    30.0048828125,
    30.0048828125,
    30.0048828125,
    30.0048828125,
    30.0048828125,
    30.0048828125,
    30.0048828125,
    30.0048828125,
    30.0048828125,
    30.0048828125,
    31.005859375,
    31.005859375,
    30.0048828125,
    31.005859375,
    31.005859375,
    30.0048828125,
    31.005859375,
    30.0048828125,
    30.0048828125,
    30.0048828125,
    30.0048828125,
    18.994140625
  ],
  "Soilmoisture": [
    14.46533203125,
    10.85205078125,
    10.65673828125,
    10.65673828125,
    1.66168212890625,
    13.97705078125,
    9.87548828125,
    4.986572265625,
    3.0303955078125,
    4.4952392578125,
    2.4444580078125,
    17.29736328125
  ],
  "Light": [
    103,
    103,
    84,
    99,
    101,
    97,
    46,
    52,
    27,
    28,
    27,
    58
  ]
}