{
  "Temperature": [
    22.998046875,
    22.998046875,
    22.998046875,
    22.998046875,
    22.998046875,
    22.998046875,
    23.9990234375,
    23.9990234375
  ],
  "Moisture": [
    26.0009765625,
    25,
    30.0048828125,
    30.0048828125,
    30.0048828125,
    30.0048828125,
    32.0068359375,
    31.005859375
  ],
  "Soilmoisture": [
    19.3603515625,
    12.90283203125,
    11.82861328125,
    12.31689453125,
    3.3233642578125,
    3.3233642578125,
    13.58642578125,
    13.68408203125
  ],
  "Light": [
    187,
    159,
    181,
    180,
    186,
    186,
    186,
    184,
    184,
    183,
    183,
    184,
    184,
    184,
    181,
    181,
    182,
    182,
    181,
    181,
    182,
    183,
    181,
    181,
    181,
    198,
    0,
    0,
    0,
    0,
    0,
    0
  ]
}