{
  "Temperature": [
    22.998046875,
    22.998046875,
    22.998046875,
    22.998046875,
    22.998046875,
    22.998046875,
    23.9990234375,
    23.9990234375,
    23.9990234375,
    23.9990234375,
    22.998046875,
    22.998046875,
    22.998046875,
    22.998046875,
    23.9990234375,
    23.9990234375,
    23.9990234375,
    23.9990234375,
    27.001953125,
    23.9990234375,
    23.9990234375,
    23.9990234375,
    21.9970703125,
    21.9970703125,
    21.9970703125,
    21.9970703125,
    21.9970703125,
    21.9970703125,
    21.9970703125,
    21.9970703125,
    21.9970703125,
    21.9970703125,
    21.9970703125,
    21.9970703125,
    21.9970703125,
    21.9970703125,
    99.951171875,
    99.951171875,
    21.9970703125,
    23.9990234375,
    21.9970703125,
    21.9970703125
  ],
  "Moisture": [
    26.0009765625,
    25,
    30.0048828125,
    30.0048828125,
    30.0048828125,
    30.0048828125,
    32.0068359375,
    31.005859375,
    33.0078125,
    33.0078125,
    28.0029296875,
    26.0009765625,
    28.0029296875,
    28.0029296875,
    47.998046875,
    33.0078125,
    18.994140625,
    23.9990234375,
    40.9912109375,
    20.99609375,
    37.01171875,
    18.994140625,
    31.005859375,
    26.0009765625,
    19.9951171875,
    31.005859375,
    38.9892578125,
    31.005859375,
    31.005859375,
    31.005859375,
    31.005859375,
    37.01171875,
    31.005859375,
    31.005859375,
    31.005859375,
    33.0078125,
    99.951171875,
    99.951171875,
    19.9951171875,
    38.9892578125,
    19.9951171875,
    31.005859375
  ],
  "Soilmoisture": [
    19.3603515625,
    12.90283203125,
    11.82861328125,
    12.31689453125,
    3.3233642578125,
    3.3233642578125,
    13.58642578125,
    13.68408203125,
    10.36376953125,
    11.43798828125,
    7.232666015625,
    7.232666015625,
    7.232666015625,
    11.24267578125,
    8.697509765625,
    5.474853515625,
    11.82861328125,
    11.43798828125,
    8.795166015625,
    9.185791015625,
    7.135009765625,
    8.892822265625,
    1.27105712890625,
    3.0303955078125,
    1.17340087890625,
    8.209228515625,
    2.24761962890625,
    3.0303955078125,
    1.75933837890625,
    2.14996337890625,
    4.693603515625,
    1.95465087890625,
    0.879669189453125,
    0.879669189453125,
    1.074981689453125,
    0.782012939453125,
    13.39111328125,
    7.916259765625,
    13.39111328125,
    10.94970703125,
    8.111572265625,
    8.209228515625
  ],
  "Light": [
    187,
    159,
    181,
    180,
    186,
    186,
    186,
    184,
    184,
    183,
    183,
    184,
    184,
    184,
    181,
    181,
    182,
    182,
    181,
    181,
    182,
    183,
    181,
    181,
    181,
    198,
    0,
    0,
    0,
    0,
    0,
    0,
    0,
    0,
    0,
    0,
    0,
    0,
    0,
    0,
    431,
    427,
    406,
    140,
    4901,
    4,
    196,
    0,
    0,
    0,
    0,
    0,
    212,
    164,
    0,
    0,
    0,
    0,
    0,
    0,
    0,
    0,
    0,
    0,
    0,
    0
  ]
}