{
  "Temperature": [
    23.9990234375
  ],
  "Moisture": [
    30.0048828125
  ],
  "soilmoisture": [
    4.2022705078125
  ],
  "Light": []
}