{
  "Time": [
    "9:19:57",
    "9:20:34",
    "9:21:10",
    "9:21:46"
  ],
  "Temperature": [
    22.998046875,
    22.998046875,
    22.998046875,
    22.998046875,
    22.998046875,
    22.998046875,
    23.9990234375,
    23.9990234375,
    23.9990234375,
    23.9990234375,
    22.998046875,
    22.998046875,
    22.998046875,
    22.998046875,
    23.9990234375,
    23.9990234375,
    23.9990234375,
    23.9990234375,
    27.001953125,
    23.9990234375,
    23.9990234375,
    23.9990234375,
    23.9990234375,
    23.9990234375,
    21.9970703125,
    21.9970703125,
    21.9970703125,
    21.9970703125,
    21.9970703125,
    21.9970703125,
    21.9970703125,
    21.9970703125,
    21.9970703125,
    20.99609375,
    21.9970703125,
    21.9970703125,
    21.9970703125,
    21.9970703125,
    21.9970703125,
    21.9970703125,
    21.9970703125,
    21.9970703125,
    21.9970703125,
    21.9970703125,
    21.9970703125,
    21.9970703125,
    20.99609375,
    20.99609375,
    21.9970703125,
    21.9970703125,
    21.9970703125,
    21.9970703125,
    21.9970703125,
    21.9970703125,
    21.9970703125,
    21.9970703125,
    21.9970703125,
    21.9970703125,
    21.9970703125,
    21.9970703125,
    21.9970703125
  ],
  "Moisture": [
    26.0009765625,
    25,
    30.0048828125,
    30.0048828125,
    30.0048828125,
    30.0048828125,
    32.0068359375,
    31.005859375,
    33.0078125,
    33.0078125,
    28.0029296875,
    26.0009765625,
    28.0029296875,
    28.0029296875,
    47.998046875,
    33.0078125,
    18.994140625,
    23.9990234375,
    40.9912109375,
    20.99609375,
    37.01171875,
    18.994140625,
    30.0048828125,
    30.0048828125,
    31.005859375,
    31.005859375,
    31.005859375,
    31.005859375,
    31.005859375,
    31.005859375,
    31.005859375,
    36.0107421875,
    34.0087890625,
    62.98828125,
    31.005859375,
    31.005859375,
    44.9951171875,
    22.998046875,
    26.0009765625,
    26.0009765625,
    19.9951171875,
    31.005859375,
    38.9892578125,
    31.005859375,
    31.005859375,
    31.005859375,
    19.9951171875,
    19.9951171875,
    19.9951171875,
    26.0009765625,
    26.0009765625,
    31.005859375,
    31.005859375,
    31.005859375,
    31.005859375,
    31.005859375,
    31.005859375,
    31.005859375,
    31.005859375,
    31.005859375,
    31.005859375
  ],
  "Soilmoisture": [
    19.3603515625,
    12.90283203125,
    11.82861328125,
    12.31689453125,
    3.3233642578125,
    3.3233642578125,
    13.58642578125,
    13.68408203125,
    10.36376953125,
    11.43798828125,
    7.232666015625,
    7.232666015625,
    7.232666015625,
    11.24267578125,
    8.697509765625,
    5.474853515625,
    11.82861328125,
    11.43798828125,
    8.795166015625,
    9.185791015625,
    7.135009765625,
    8.892822265625,
    10.55908203125,
    10.46142578125,
    1.27105712890625,
    1.36871337890625,
    1.27105712890625,
    1.27105712890625,
    1.27105712890625,
    1.074981689453125,
    1.17340087890625,
    7.623291015625,
    2.14996337890625,
    1.46636962890625,
    1.56402587890625,
    1.17340087890625,
    4.1046142578125,
    3.4210205078125,
    3.0303955078125,
    3.0303955078125,
    1.17340087890625,
    8.209228515625,
    2.24761962890625,
    3.0303955078125,
    1.75933837890625,
    2.14996337890625,
    9.58251953125,
    9.77783203125,
    2.3468017578125,
    1.27105712890625,
    0.977325439453125,
    1.36871337890625,
    1.36871337890625,
    1.36871337890625,
    1.36871337890625,
    9.77783203125,
    8.892822265625,
    8.404541015625,
    8.306884765625,
    8.209228515625,
    8.209228515625
  ],
  "Light": [
    187,
    159,
    181,
    180,
    186,
    186,
    186,
    184,
    184,
    183,
    183,
    184,
    184,
    184,
    181,
    181,
    182,
    182,
    181,
    181,
    182,
    183,
    181,
    181,
    181,
    198,
    0,
    0,
    0,
    0,
    0,
    0,
    0,
    0,
    0,
    0,
    0,
    0,
    0,
    0,
    431,
    427,
    406,
    140,
    4901,
    4,
    401,
    406,
    196,
    197,
    209,
    203,
    201,
    194,
    200,
    0,
    0,
    0,
    0,
    0,
    0,
    0,
    0,
    0,
    0,
    0,
    0,
    0,
    212,
    164,
    0,
    0,
    0,
    0,
    0,
    0,
    0,
    0,
    0,
    0,
    0,
    0,
    0,
    0,
    0
  ]
}