{
  "Time": [
    "10:1:46",
    "10:2:22",
    "10:2:58",
    "10:3:34",
    "10:4:11",
    "10:4:47",
    "10:5:23",
    "10:6:36",
    "10:7:12",
    "10:7:48",
    "10:9:1",
    "10:14:11",
    "10:14:47",
    "10:15:24",
    "10:16:0",
    "10:16:36",
    "10:17:12",
    "10:17:48",
    "10:18:24",
    "10:19:0",
    "10:19:36",
    "10:20:12",
    "10:20:49",
    "10:21:25",
    "10:22:1",
    "10:22:37",
    "10:23:13",
    "10:23:49",
    "10:24:25",
    "10:25:1",
    "10:25:37",
    "10:26:13",
    "10:26:50",
    "10:27:26",
    "10:28:2",
    "10:28:38",
    "10:29:14",
    "10:29:50",
    "10:30:26",
    "10:31:2",
    "10:31:39",
    "10:32:15",
    "10:32:51",
    "10:33:27",
    "10:41:22",
    "10:41:58",
    "10:42:34",
    "10:43:10",
    "10:43:46",
    "10:44:22",
    "10:44:59",
    "10:45:35",
    "10:46:11",
    "10:46:47",
    "10:47:23",
    "10:47:59",
    "10:48:35",
    "10:49:11",
    "10:49:47",
    "10:50:24",
    "10:51:0",
    "10:51:36",
    "10:52:12",
    "10:52:48"
  ],
  "Temperature": [
    21.9970703125,
    21.9970703125,
    21.9970703125,
    21.9970703125,
    21.9970703125,
    21.9970703125,
    21.9970703125,
    21.9970703125,
    22.998046875,
    21.9970703125,
    21.9970703125,
    21.9970703125,
    21.9970703125,
    21.9970703125,
    21.9970703125,
    21.9970703125,
    21.9970703125,
    21.9970703125,
    21.9970703125,
    21.9970703125,
    21.9970703125,
    21.9970703125,
    21.9970703125,
    21.9970703125,
    21.9970703125,
    21.9970703125,
    21.9970703125,
    21.9970703125,
    21.9970703125,
    21.9970703125,
    21.9970703125,
    21.9970703125,
    21.9970703125,
    21.9970703125,
    21.9970703125,
    21.9970703125,
    21.9970703125,
    21.9970703125,
    99.951171875,
    21.9970703125,
    21.9970703125,
    21.9970703125,
    21.9970703125,
    21.9970703125,
    21.9970703125,
    21.9970703125,
    21.9970703125,
    21.9970703125,
    21.9970703125,
    21.9970703125,
    21.9970703125,
    21.9970703125,
    21.9970703125,
    21.9970703125,
    21.9970703125,
    21.9970703125,
    21.9970703125,
    21.9970703125,
    21.9970703125,
    21.9970703125,
    21.9970703125,
    21.9970703125,
    21.9970703125,
    21.9970703125
  ],
  "Moisture": [
    29.00390625,
    29.00390625,
    19.9951171875,
    19.9951171875,
    31.005859375,
    95.01953125,
    19.9951171875,
    50.9765625,
    25,
    30.0048828125,
    23.9990234375,
    26.0009765625,
    21.9970703125,
    21.9970703125,
    19.9951171875,
    19.9951171875,
    19.9951171875,
    21.9970703125,
    21.9970703125,
    22.998046875,
    22.998046875,
    21.9970703125,
    19.9951171875,
    21.9970703125,
    19.9951171875,
    22.998046875,
    19.9951171875,
    19.9951171875,
    19.9951171875,
    19.9951171875,
    19.9951171875,
    19.9951171875,
    33.0078125,
    22.998046875,
    22.998046875,
    19.9951171875,
    23.9990234375,
    23.9990234375,
    99.951171875,
    31.005859375,
    27.001953125,
    20.99609375,
    19.9951171875,
    21.9970703125,
    26.0009765625,
    26.0009765625,
    26.0009765625,
    26.0009765625,
    26.0009765625,
    26.0009765625,
    26.0009765625,
    26.0009765625,
    26.0009765625,
    26.0009765625,
    26.0009765625,
    26.0009765625,
    26.0009765625,
    26.0009765625,
    26.0009765625,
    26.0009765625,
    26.0009765625,
    26.0009765625,
    26.0009765625,
    26.0009765625
  ],
  "Soilmoisture": [
    11.43798828125,
    14.17236328125,
    13.78173828125,
    13.68408203125,
    13.29345703125,
    9.87548828125,
    4.5928955078125,
    8.306884765625,
    4.3975830078125,
    6.744384765625,
    7.427978515625,
    7.330322265625,
    8.404541015625,
    6.842041015625,
    6.646728515625,
    6.451416015625,
    6.158447265625,
    6.158447265625,
    5.670166015625,
    5.670166015625,
    5.963134765625,
    6.256103515625,
    6.744384765625,
    7.037353515625,
    8.502197265625,
    9.68017578125,
    9.87548828125,
    9.58251953125,
    8.990478515625,
    9.088134765625,
    9.48486328125,
    8.892822265625,
    10.26611328125,
    6.842041015625,
    6.744384765625,
    5.865478515625,
    5.767822265625,
    5.865478515625,
    11.92626953125,
    4.693603515625,
    13.48876953125,
    5.865478515625,
    5.572509765625,
    5.279541015625,
    4.888916015625,
    4.888916015625,
    4.888916015625,
    4.888916015625,
    4.888916015625,
    4.888916015625,
    4.791259765625,
    4.888916015625,
    4.791259765625,
    4.791259765625,
    4.791259765625,
    4.791259765625,
    4.888916015625,
    4.888916015625,
    4.791259765625,
    4.888916015625,
    4.888916015625,
    4.791259765625,
    4.791259765625,
    4.888916015625
  ],
  "Light": [
    0,
    0,
    0,
    0,
    0,
    0,
    0,
    5610,
    942,
    1977,
    0,
    187,
    188,
    188,
    188,
    192,
    192,
    195,
    194,
    192,
    193,
    194,
    193,
    190,
    193,
    193,
    192,
    192,
    196,
    197,
    192,
    196,
    197,
    197,
    197,
    197,
    196,
    196,
    192,
    192,
    192,
    192,
    193,
    188,
    190,
    190,
    191,
    190,
    191,
    191,
    190,
    191,
    192,
    191,
    191,
    191,
    190,
    191,
    190,
    191,
    177,
    147,
    86,
    91
  ]
}