{
  "Time": [
    "10:1:46",
    "10:2:22",
    "10:2:58",
    "10:3:34",
    "10:4:11",
    "10:4:47",
    "10:5:23",
    "10:6:36",
    "10:7:12",
    "10:7:48",
    "10:9:1"
  ],
  "Temperature": [
    21.9970703125,
    21.9970703125,
    21.9970703125,
    21.9970703125,
    21.9970703125,
    21.9970703125,
    21.9970703125,
    21.9970703125,
    22.998046875,
    21.9970703125,
    21.9970703125
  ],
  "Moisture": [
    29.00390625,
    29.00390625,
    19.9951171875,
    19.9951171875,
    31.005859375,
    95.01953125,
    19.9951171875,
    50.9765625,
    25,
    30.0048828125,
    23.9990234375
  ],
  "Soilmoisture": [
    11.43798828125,
    14.17236328125,
    13.78173828125,
    13.68408203125,
    13.29345703125,
    9.87548828125,
    4.5928955078125,
    8.306884765625,
    4.3975830078125,
    6.744384765625,
    7.427978515625
  ],
  "Light": [
    0,
    0,
    0,
    0,
    0,
    0,
    0,
    5610,
    942,
    1977,
    0
  ]
}