{
  "Temperature": [
    28.0029296875,
    23.9990234375,
    23.9990234375,
    23.9990234375,
    23.9990234375,
    23.9990234375
  ],
  "Moisture": [
    32.0068359375,
    30.0048828125,
    30.0048828125,
    30.0048828125,
    30.0048828125,
    30.0048828125
  ],
  "soilmoisture": [
    5.474853515625,
    3.2257080078125,
    3.1280517578125,
    3.2257080078125,
    3.2257080078125,
    3.2257080078125
  ],
  "Light": []
}